{
  "chaoslib-version": "1.9.0",
  "platform": "Darwin-19.3.0-x86_64-i386-64bit",
  "node": "AUADFLEMAC066.local",
  "experiment": {
    "version": "1.0.0",
    "title": "What is the impact of node in the cluster going missing on the application messages?",
    "description": "If a node in the cluster is down the message should still reach the queue",
    "secrets": {
      "appssh": {
        "remote_addr": "APP_SSH_HOST",
        "username": "APP_SSH_USERNAME",
        "password": "APP_SSH_PASSWORD",
        "port": "APP_SSH_PORT"
      },
      "rabbitssh": {
        "remote_addr": "RABBIT_SSH_HOST",
        "username": "RABBIT_SSH_USERNAME",
        "password": "RABBIT_SSH_PASSWORD",
        "port": "RABBIT_SSH_PORT"
      },
      "rabbitmq": {
        "rabbitmq_host": "RABBITMQ_HOST",
        "rabbitmq_username": "RABBITMQ_USERNAME",
        "rabbitmq_password": "RABBITMQ_PASSWORD",
        "rabbitmq_restendpoint": "RABBITMQ_REST_ENDPOINT"
      }
    },
    "steady-state-hypothesis": {
      "title": "RabbitMQ responds as per application demands",
      "probes": [
        {
          "type": "probe",
          "name": "the-rabbitmq-service-must-be-running",
          "tolerance": true,
          "provider": {
            "type": "python",
            "module": "rabbitmq",
            "secrets": [
              "rabbitssh"
            ],
            "func": "probe_running_rabbitmq_service"
          }
        },
        {
          "type": "probe",
          "name": "the-app-can-connect-to-rabbit",
          "tolerance": true,
          "provider": {
            "type": "python",
            "module": "rabbitmq",
            "secrets": [
              "rabbitmq",
              "appssh"
            ],
            "func": "probe_app_can_connect_and_send_message_to_rabbit"
          }
        }
      ]
    },
    "method": [
      {
        "type": "action",
        "name": "node-failure-in-rabbit-cluster",
        "tolerance": true,
        "provider": {
          "type": "python",
          "module": "rabbitmq",
          "secrets": [
            "rabbitmq",
            "rabbitssh"
          ],
          "func": "node_failure_in_rabbit_cluster"
        }
      }
    ],
    "rollbacks": [
      {
        "type": "action",
        "name": "bring-back-node-in-rabbit-cluster",
        "tolerance": true,
        "provider": {
          "type": "python",
          "module": "rabbitmq",
          "secrets": [
            "rabbitmq",
            "rabbitssh"
          ],
          "func": "bring_back_node_in_rabbit_cluster"
        }
      }
    ],
    "dry": false
  },
  "start": "2020-05-20T13:59:56.303263",
  "status": "completed",
  "deviated": false,
  "steady_states": {
    "before": {
      "steady_state_met": true,
      "probes": [
        {
          "activity": {
            "type": "probe",
            "name": "the-rabbitmq-service-must-be-running",
            "tolerance": true,
            "provider": {
              "type": "python",
              "module": "rabbitmq",
              "secrets": [
                "rabbitssh"
              ],
              "func": "probe_running_rabbitmq_service"
            }
          },
          "output": true,
          "status": "succeeded",
          "start": "2020-05-20T13:59:56.304557",
          "end": "2020-05-20T13:59:59.813780",
          "duration": 3.509223,
          "tolerance_met": true
        },
        {
          "activity": {
            "type": "probe",
            "name": "the-app-can-connect-to-rabbit",
            "tolerance": true,
            "provider": {
              "type": "python",
              "module": "rabbitmq",
              "secrets": [
                "rabbitmq",
                "appssh"
              ],
              "func": "probe_app_can_connect_and_send_message_to_rabbit"
            }
          },
          "output": true,
          "status": "succeeded",
          "start": "2020-05-20T13:59:59.817306",
          "end": "2020-05-20T14:00:04.342445",
          "duration": 4.525139,
          "tolerance_met": true
        }
      ]
    },
    "after": {
      "steady_state_met": true,
      "probes": [
        {
          "activity": {
            "type": "probe",
            "name": "the-rabbitmq-service-must-be-running",
            "tolerance": true,
            "provider": {
              "type": "python",
              "module": "rabbitmq",
              "secrets": [
                "rabbitssh"
              ],
              "func": "probe_running_rabbitmq_service"
            }
          },
          "output": true,
          "status": "succeeded",
          "start": "2020-05-20T14:00:11.154216",
          "end": "2020-05-20T14:00:13.977934",
          "duration": 2.823718,
          "tolerance_met": true
        },
        {
          "activity": {
            "type": "probe",
            "name": "the-app-can-connect-to-rabbit",
            "tolerance": true,
            "provider": {
              "type": "python",
              "module": "rabbitmq",
              "secrets": [
                "rabbitmq",
                "appssh"
              ],
              "func": "probe_app_can_connect_and_send_message_to_rabbit"
            }
          },
          "output": true,
          "status": "succeeded",
          "start": "2020-05-20T14:00:13.978378",
          "end": "2020-05-20T14:00:14.381894",
          "duration": 0.403516,
          "tolerance_met": true
        }
      ]
    }
  },
  "run": [
    {
      "activity": {
        "type": "action",
        "name": "node-failure-in-rabbit-cluster",
        "tolerance": true,
        "provider": {
          "type": "python",
          "module": "rabbitmq",
          "secrets": [
            "rabbitmq",
            "rabbitssh"
          ],
          "func": "node_failure_in_rabbit_cluster"
        }
      },
      "output": null,
      "status": "succeeded",
      "start": "2020-05-20T14:00:04.351766",
      "end": "2020-05-20T14:00:11.152622",
      "duration": 6.800856
    }
  ],
  "rollbacks": [
    {
      "activity": {
        "type": "action",
        "name": "bring-back-node-in-rabbit-cluster",
        "tolerance": true,
        "provider": {
          "type": "python",
          "module": "rabbitmq",
          "secrets": [
            "rabbitmq",
            "rabbitssh"
          ],
          "func": "bring_back_node_in_rabbit_cluster"
        }
      },
      "output": null,
      "status": "succeeded",
      "start": "2020-05-20T14:00:14.383546",
      "end": "2020-05-20T14:00:14.899445",
      "duration": 0.515899
    }
  ],
  "end": "2020-05-20T14:00:14.899716",
  "duration": 18.636871814727783
}